<?xml version="1.0"?>
<!-- $Id: about.xml 1803 2008-09-08 11:11:03Z lastcraft $ -->
<page title="Informazioni su Last Craft" here="Informazioni su Last Craft">
	<synchronisation lang="en" version="1684" date="19/03/2008" maintainer="pp11" />
    <long_title>Informazioni su Last Craft</long_title>
    <content>
        <section name="me" title="People">
            <p>
                <img src="../images/marcus.jpg" />
                Al momento gestisco questo sito personalmente. Mi chiamo
                <a href="mailto:marcus@lastcraft.com">Marcus Baker</a>
                e sono uno <a href="marcus_cv.html">sviluppatore web Object Oriented</a>
                e padre di due bambini.
                Attualmente sono un freelancer che lavora come sviluppatore senior per
                <a href="http://www.wordtracker.com">Wordtracker</a>
                e come consulente per svariate piccole compagnie.
                Wordtracker è un'agenzia di statistica su internet che gestisce un immenso
                 database sulla popolarità delle parole chiave dei motori di ricerca.
                La compagnia adotta la metodologia di sviluppo eXtreme Programming.
            </p>
            <p>
                Mia moglie <a href="mailto:aviva@lastcraft.com">Aviva Racher</a> è una
                microbiologa ed è la madre dei miei due bambini.
            </p>
        </section>
        <section name="issues" title="Issues">
            <p>
                Leggi l'intervista <a
                href="http://www.oreillynet.com/pub/a/patents/2000/05/24/PizzoFiles.html">
                Chi può sentirsi davvero protetto?</a> sul network di
                O&#39;Reilly se sei interessato all'argomento delle licenze software.
            </p>
        </section>
        <section name="associations" title="Associations">
            <p>
                Oltre a lavorare per Wordtracker, sono anche un consulente indipendente
                che si occupa, normalmente, dell'introduzione delle metodologie agili all'interno delle aziende.
                I miei clienti includono Waterscape e Amnesty International.
            </p>
            <p>
                I did a quick site for a graphic designer and illustrator friend of mine,
                <a href="http://www.dylanbeck.com/">Dylan Beck</a>.
                He has a very unique style.
            </p>
            <p>
                The <a href="om/">Ambassadors of Om</a> are a Jazz-Funk
                fusion (?) band with an internet presence going back over five
                years. Site includes samples, videos and links. The band is
                managed by guitarist and lead singer <a
                href="mailto:wahg@cwcom.net">Paul&#160;Grimes</a> who is a friend of ours.
            </p>
            <p>
                <a href="mailto:mark@leisurepursuits.demon.co.uk">
                Mark&#160;Eichner</a> is Aviva&#39;s uncle and run&#39;s the
                <a href="http://www.leisurepursuits.demon.co.uk">
                Leisure&#160;Pursuits</a>
                off-road driving school. Lots of wheels and mud!
            </p>
        </section>
    </content>
    <internal>
        <link>
            <a href="#me">Last Craft people</a>
            Myself and friends and relations.
        </link>
        <link>
            <a href="#issues">Issues</a> that I care about.
        </link>
        <link>
            <a href="#associations">Associated companies</a>
            and people.
        </link>
    </internal>

    <external>
        <link>
            <a href="http://www.xpdeveloper.com/cgi-bin/wiki.cgi?MarcuS">Extreme Tuesday</a>
            Club is an informal meeting in London to promote
            <a href="http://www.extremeprogramming.org/">Extreme programming</a>.
        </link>
        <link>
            <a href="http://www.phplondon.org/">PHPLondon</a>
            is a user group that meets the first thursday of every month.
        </link>
        <link>
            <a href="http://www.wordtracker.com">Wordtracker</a>
            crunches internet search data for web marketing.
        </link>
    </external>
    <meta>
        <keywords>
            software development,
            computer programmer,
            php programming,
            programming php,
            software development company,
            software development uk,
            php tutorial,
            bespoke software development uk,
            corporate web development,
            architecture,
            freelancer,
            php resources,
            wordtracker,
            web marketing,
            serach engines,
            web positioning,
            internet marketing
        </keywords>
    </meta>
</page>